profile_pic,username,date,comment
2909.008's profile picture,2909.008,76w,up foto sendiri minimal 100 foto perhari bang??
____10d_____'s profile picture,____10d_____,114w,Omg
__andrialamsyah's profile picture,__andrialamsyah,44w,WKWKW SI LAWAK
__iivdinn's profile picture,__iivdinn,75w,Istrinya cakepp ya bg
_afni_i's profile picture,_afni_i,112w,Aamiin allahuma aamiin...????
_ahmadfadli_'s profile picture,_ahmadfadli_,44w,Haji bro haji bro
_alyakulsum's profile picture,_alyakulsum,108w,istri nya gantengg juga ya bang
_ardntrk's profile picture,_ardntrk,111w,@bebekcarok laaaaah
_ayegalang's profile picture,_ayegalang,43w,Oalah udah berumur pun
_blueeeeee0's profile picture,_blueeeeee0,76w,Bang dah makan?
_cicimery's profile picture,_cicimery,111w,Bebek bakar ????
_danisaf's profile picture,_danisaf,119w,50 detik
_emillistiana_'s profile picture,_emillistiana_,78w,Masya Allah ??????
_itznazu's profile picture,_itznazu,76w,Pennanya tpi pertanyaannya agak sarkas niih?
_ivankristian's profile picture,_ivankristian,110w,@aprweell_ beda sdh ayangmu kamu nih
_nanayy19's profile picture,_nanayy19,108w,"Smga langgeng y??, btw titip Salam sm bininya??"
_ptrimharani's profile picture,_ptrimharani,78w,"azura, mff y tante ga nemenin om saaih lgi ada urusan ??"
_pujamo26's profile picture,_pujamo26,118w,masyaallah
_rosegolf's profile picture,_rosegolf,105w,Pake rok dong kalo main dari merah ????
_sweet.daa's profile picture,_sweet.daa,118w,Hai cowokk kiw kiw
_tharypangggg's profile picture,_tharypangggg,44w,Tulul
_triulfa's profile picture,_triulfa,78w,cuuu bgttt ponakannya jd pgn milikin om nya??
_zahra.annisa's profile picture,_zahra.annisa,96w,congrats honey ??
_zahra.annisa's profile picture,_zahra.annisa,118w,POV: ketika sasquad paparazi??
.,.,.,Assalamu'alaikum ????
02yl1's profile picture,02yl1,96w,keren lu bang
10amettttt's profile picture,10amettttt,118w,@fucek_anjay_
1629.pm's profile picture,1629.pm,108w,itu istrinya jiponan ??????
1000 Followers 20k,2000 Followers 35k,4000 Followers 70k,Sedia foll SHOPEE YOUTUBE dan juga TIKTOK!!??
1000 Followers 20k,2000 followers 35k,4000 Followers 70k,Sedia foll SHOPEE YOUTUBE dan juga TIKTOK!!??
21134oo's profile picture,21134oo,91w,Hadeh stail apa lagi ini
2454dump's profile picture,2454dump,107w,"Lagi capek bngt nih, semangatin dong??"
2454dump's profile picture,2454dump,108w,Masyaallah keren bngt??
3110marhaban's profile picture,3110marhaban,43w,Keluarga stress??
333.446.0_'s profile picture,333.446.0_,95w,Saihh kek slay gitu skrng idihh
4m3l_22's profile picture,4m3l_22,114w,Woww
8_juni_ulths's profile picture,8_juni_ulths,108w,Itu kalo kelamaan jomlao seperti saya
8_juni_ulths's profile picture,8_juni_ulths,100w,Makasih banyak bang aku juga mau ngujapin selamamat ya banggg
911.me_'s profile picture,911.me_,97w,"p, emg bowleh yeah sekeren ini[?]"
a.sy4ptra's profile picture,a.sy4ptra,95w,My
a.wahyuhatta's profile picture,a.wahyuhatta,45w,Kalo lu hajinya dari umur berapa?
aaafflaaaaa's profile picture,aaafflaaaaa,108w,istrinya cakep banget ya kak????
aab_alessana1407's profile picture,aab_alessana1407,44w,Yg ono aja masih viral malah ditambah lagi
aan_sandiago's profile picture,aan_sandiago,96w,Good job. My idol??
aan.arinah's profile picture,aan.arinah,104w,Apakah gak punya teman sebaya selain keluarga??? Contoh atta&thoriq punya banyak teman sebaya dan bergaul dgn org lain.
aarrrvi's profile picture,aarrrvi,119w,lap uu????
abdidarmaaa's profile picture,abdidarmaaa,44w,muka ente tua pak haji
abdul7367wahid's profile picture,abdul7367wahid,76w,Serem x ahhh. Kayak Rendy Orton ????
abdulrohim12maret's profile picture,abdulrohim12maret,112w,kapan up video lgii hoii
abdulrohim12maret's profile picture,abdulrohim12maret,110w,"kapan uploud video lagi, udh karatan tuh channel nya hha"
ablflh_'s profile picture,ablflh_,44w,Niat dpt pujian malah banjir hujatan wkwkwk??
abqariyyahalilintar's profile picture,abqariyyahalilintar,119w,EYY MY BOY??????????
abqariyyahalilintar's profile picture,abqariyyahalilintar,120w,Eyyyyy
abqariyyahalilintar's profile picture,abqariyyahalilintar,75w,Kok bisa gitu foto nya??
abqariyyahalilintar's profile picture,abqariyyahalilintar,108w,Petcahhh????
abqariyyahalilintar's profile picture,abqariyyahalilintar,96w,PROUD ADE GW??????
absarifadliii's profile picture,absarifadliii,118w,Thor
abskjsw._'s profile picture,abskjsw._,118w,gimana rasanya berenang di comberan?
abskjsw._'s profile picture,abskjsw._,114w,tutor terbangnya ????????
abyansyah.p's profile picture,abyansyah.p,44w,dia siapa
aceeeel___'s profile picture,aceeeel___,102w,Botak
achaa.scnd_'s profile picture,achaa.scnd_,109w,@fatehhalilintar ganteng bgt no debat????
adammaditya's profile picture,adammaditya,105w,"Saya rasa permainan ini bosenin, cuman saya miskin aja jadi baru bisa liat belom pernah nyobain"
adanraliban's profile picture,adanraliban,111w,Mau kamu aja boleh ga?
addibai_ms's profile picture,addibai_ms,96w,Jass nya buat aing aja ih
ade.gepuk's profile picture,ade.gepuk,110w,"Cakepp pukulannya keras banget, semangat terus kak saaii olahraga golf nya walaupun lagi puasa ??"
ade.gepuk's profile picture,ade.gepuk,111w,Hmmm menurut aku bebek bakar sih kak saaii enak banget kayaknya kalo buat buka puasa nanti sore??
ade.gepuk's profile picture,ade.gepuk,108w,MOHON MAAF LAHIR & YANG BANG ??
ade.gepuk's profile picture,ade.gepuk,110w,"Pemandangan nya bagus banget bang saaii, wib lagi liatin capatuh??"
ade.gepuk's profile picture,ade.gepuk,111w,Tetep semangat dong puasanya walaupun lemes ea??
ade.gepuk's profile picture,ade.gepuk,110w,Wah keren background nya 1000lampu apa 1000lilin??
ade.gepuk's profile picture,ade.gepuk,109w,Wah mantap banget ganteng2 pisan ?? salfok mobil nya panjang bener ??
ade.gepuk's profile picture,ade.gepuk,109w,Yang lagi puasa ya kenceng banget apalagi udah buka ya lebih kenceng
adeayuningsihh's profile picture,adeayuningsihh,90w,AAIHH HARUS BUAT TREND DANZA KUDUROOO??????????????
adelzxz_'s profile picture,adelzxz_,120w,Ah ah ah
adi_irawan11's profile picture,adi_irawan11,43w,"Sekolah gasii, masa gtu aja gak ngerti..."
adin.indra's profile picture,adin.indra,43w,Adek nya gamau kalah viral ????
adinda03puspita's profile picture,adinda03puspita,119w,Pengen deh jadi CADDY NYA
adindasaftrr_'s profile picture,adindasaftrr_,79w,alooo gantengg??
adink's profile picture,adink,96w,Wah congratulations bro ??????????
aditnasution09's profile picture,aditnasution09,45w,HAJI??????????????????????????
0,adiyos_s,76w,Enak yaa jadi YouTuber
adrmdhnz's profile picture,adrmdhnz,114w,Kapan upload lagi bang plissssssssss
advikatiaranstn's profile picture,advikatiaranstn,108w,Istri anda adalah calon suami saya
afidaaya._'s profile picture,afidaaya._,108w,Tolong aurora istrinya di tutup ya??
afifakhayrany_'s profile picture,afifakhayrany_,109w,@realkmlaa_ Kam saaih muu
afiffrqn's profile picture,afiffrqn,76w,kobisa ada burungnya?
afili3785's profile picture,afili3785,45w,Ini masih mending katanya thoriq baru umur dua buln sudh di panggil haji Thoriq ??
afim_sektie's profile picture,afim_sektie,76w,Kapan nikah? ??????????????
afniexciting's profile picture,afniexciting,119w,@saaihalilintar where are u now?
agimardiana's profile picture,agimardiana,107w,Mirip bgt sm thoriq halilintar
agisfebriansyahaditya's profile picture,agisfebriansyahaditya,46w,Udah HAJI Belum bang?
ah_familly4's profile picture,ah_familly4,119w,Om nya Ameena ??????
ah_familly4's profile picture,ah_familly4,78w,Om saaih ????
ahmad_irada's profile picture,ahmad_irada,76w,"Ada, kapan kita bisa bertemu sih saaih"
ahmad_irada's profile picture,ahmad_irada,111w,Saiiihhh pengen banget ketemu kamu saiihhh??????
ahmad_irada's profile picture,ahmad_irada,118w,"Uda lama gua ngefans Ama saiihh, tapi ntah kapan bisa ketemu .. jauh2 dari Aceh ke JKT belom juga bisa ketemu.. ??"
ahmadfakis's profile picture,ahmadfakis,10w,hole 9 satisfying bgt pukulan pertamannya??
ahmdman__'s profile picture,ahmdman__,46w,Woi keluarga haji
ahnty_123's profile picture,ahnty_123,78w,Mirip sekali sama Kellen azzura bibirx yang sexy dan cantik ??
aida_aidaku.1608's profile picture,aida_aidaku.1608,110w,Aduuuuuuuhhh bang @saaihalilintar mah????????
aikawaaayumu's profile picture,aikawaaayumu,44w,Lawak
ainunaazize's profile picture,ainunaazize,108w,aku cembokurr loh??
aisynrb's profile picture,aisynrb,120w,Eyy swag????
aisynrb's profile picture,aisynrb,61w,Happy birthday bang saaih?????
aisynrb's profile picture,aisynrb,76w,Ken???
aisynrb's profile picture,aisynrb,76w,Target nya sihhh pengen kek bang saaih bisa main golf??
ajejarkasih_'s profile picture,ajejarkasih_,106w,Alay
ajenrmdhn's profile picture,ajenrmdhn,44w,mas ga haji?
akbarrizqiii's profile picture,akbarrizqiii,44w,nitip sendal
akbartr_16's profile picture,akbartr_16,43w,Ngookkksa ??
akmalprnm's profile picture,akmalprnm,119w,ttd gua gamau bang?
aksril.akbar's profile picture,aksril.akbar,111w,Hai om ded
aku.human642's profile picture,aku.human642,96w,Congrats aihhhhhhh??
akutauitu60's profile picture,akutauitu60,43w,"Liat di program tv fyp katanya klarifikasi, kirain bener klarifikasi eh ternyata pembelaan??"
albertahertua's profile picture,albertahertua,50w,Kelaszz????
aldi_rp01's profile picture,aldi_rp01,109w,Kenceng abis... ??????
aldndhhnprtm's profile picture,aldndhhnprtm,120w,Kelazz ??
alfirahmi25_'s profile picture,alfirahmi25_,120w,Y
alhe.haya's profile picture,alhe.haya,96w,Aaqqq congrats bangg????????
alhe.haya's profile picture,alhe.haya,76w,Kpn bisa ketemu?? ??????
alhe.haya's profile picture,alhe.haya,118w,Masyaa allah akhi????????????
alhe.haya's profile picture,alhe.haya,111w,Mau kamuuu??
alhe.haya's profile picture,alhe.haya,114w,Piiww??
alhe.haya's profile picture,alhe.haya,120w,Rawr??
alhe.haya's profile picture,alhe.haya,109w,Slide 2 gada obat plis??????
alib4b4_'s profile picture,alib4b4_,107w,Yok bisa yok.. bikin live vs anak pro.. biar makin rame golf indonesia.. ????
alisterflse's profile picture,alisterflse,96w,sheeeesshhh??
alivia.cm's profile picture,alivia.cm,96w,congrats synggg??????
aliyabahaabadi_'s profile picture,aliyabahaabadi_,89w,kerennn bingitttzzz??
aliyasariamirah_'s profile picture,aliyasariamirah_,76w,Niatan panjangin rambut sebelum tahun baru?
allyatlm_'s profile picture,allyatlm_,95w,Ayanggg
almiraazzahra25's profile picture,almiraazzahra25,76w,Merpati tak pernah ingkar janji..... ??
almirayzma's profile picture,almirayzma,111w,Mau nya adek bang saaih anak ke 8????????????
almirayzma's profile picture,almirayzma,108w,Selamat hari raya idul fitri untuk saaih dan istri??????
alv.dhika's profile picture,alv.dhika,111w,"Saii tiktoker byon mau buka pertandingan boxing,gas naik ring match sama gue broo"
alvariznano's profile picture,alvariznano,111w,Mending ke bebek carok sambelnya menggoda @bebekcarok
alviramaulidaa_'s profile picture,alviramaulidaa_,78w,om nya azuraa bolee juga ??
always_fafa's profile picture,always_fafa,61w,"Kangen ""BBRRRRRUUUPPP SASQUAD WATH'S POPPINN SASQUAT""??"
alyazafa's profile picture,alyazafa,96w,Congrats bang ????????
alyies.fq's profile picture,alyies.fq,118w,Duh matahku ??????
alyies.fq's profile picture,alyies.fq,120w,Smartt B
alyies.fq's profile picture,alyies.fq,95w,Today is ma birthdayyy! ????
amarkingnt's profile picture,amarkingnt,108w,Iya bang ????tetap semangat
amarkingnt's profile picture,amarkingnt,111w,Keren om
amarkingnt's profile picture,amarkingnt,109w,Niceeee??????
ambarwt009's profile picture,ambarwt009,76w,kapan HBD bang
amel.loveto's profile picture,amel.loveto,112w,sehat2 baby
amellia_ann's profile picture,amellia_ann,108w,Di solo ada juga tuu
amii04__'s profile picture,amii04__,109w,Saaih Tate
amiracayw's profile picture,amiracayw,90w,bang saih jodohin aku sama adek kamu donk si a fateh
amlya0_'s profile picture,amlya0_,100w,bikin konten ketemu sasquad dong bang
amy_first8's profile picture,amy_first8,109w,Best
amy_first8's profile picture,amy_first8,96w,Congrats
anakmamah_hooh's profile picture,anakmamah_hooh,120w,Tingginya berapa bang saaih??
anakumiwalid's profile picture,anakumiwalid,96w,Thank to Allah ..better said it Allah. Its better then God.
anchafortunahoki's profile picture,anchafortunahoki,110w,Manis bgtt sehatt selalu
anchafortunahoki's profile picture,anchafortunahoki,119w,"Semoga Allah menjauhkan sejauh-jauhnya dari penderitaan yang berkepanjangan, meninggikan derajat pengabdian kepada Engkau, menanamkan rasa ikhlas yang tak terbatas, menghilangkan rasa cemas yang berlebihan dalam diri, menghapus segala kebencian yang bersarang dalam kalbu, memanjangkan usia dengan penuh keberkahan. Aamiin"
andi_khansaaqilah.m's profile picture,andi_khansaaqilah.m,109w,Gk puasaa??
andi_sotoru's profile picture,andi_sotoru,76w,Adakah seratus????
andicitrahss's profile picture,andicitrahss,96w,Jodohnya org
0,andiiiii_09,106w,Spill kacamatanya dong kak??kok nggk copot ya???
andijerni13's profile picture,andijerni13,76w,Kpn punya pasangan?
andikadsight's profile picture,andikadsight,120w,Kak saaih kapan bikin konten lagi
andiko_n22's profile picture,andiko_n22,46w,Yang ini udah haji belum
andinis.a's profile picture,andinis.a,78w,Ada dua bayiii disana gaiss??
andinisarah19's profile picture,andinisarah19,78w,suami????
andiwero12's profile picture,andiwero12,78w,MaasyaAllah Tabarakallah Mirip Om Nya
andreinxmniaa_'s profile picture,andreinxmniaa_,118w,wt a
andriismailsaputra28's profile picture,andriismailsaputra28,111w,Nasi padang campur bubur
andyourbirdcanswim's profile picture,andyourbirdcanswim,43w,LMAOnya kebangetan
aneem_31's profile picture,aneem_31,111w,Muntas mirip banget sama papa @ameenaatta ??
aneuk_leungbata's profile picture,aneuk_leungbata,96w,Numero Uno ??
angelinaharyanto's profile picture,angelinaharyanto,108w,Minal Aidin Walfaidzin Bang @saaihalilintar Bismilah Dikasih THR??
anggiesumeh's profile picture,anggiesumeh,78w,Ternyata mirip Sai yaa
anggrainiade748's profile picture,anggrainiade748,112w,Aamiin
anggunslvi_'s profile picture,anggunslvi_,76w,Cakep amat cii
anggytrysnsry's profile picture,anggytrysnsry,118w,Keren bget??
aniesmohede12's profile picture,aniesmohede12,76w,Burungny asli g bang?
aniezaniz2's profile picture,aniezaniz2,78w,Cantikny azura??
anisaarifh_'s profile picture,anisaarifh_,111w,Mauuu sate
anisah_endang's profile picture,anisah_endang,78w,MasyaAllah ade azzura????
anissmaulidiaa's profile picture,anissmaulidiaa,110w,"Bang saaih can you say ""happy birthday"" to me?"
anissmaulidiaa's profile picture,anissmaulidiaa,109w,"Bang saaih can you say ""happy birthday"" to me?"
anissmaulidiaa's profile picture,anissmaulidiaa,109w,"Bng saaih can you say ""happy birthday"" to me?"
anissmaulidiaa's profile picture,anissmaulidiaa,110w,"Bng saaih can you say ""happy birthday"" to me?"
anissmaulidiaa's profile picture,anissmaulidiaa,118w,Brenang bosss?
anissmaulidiaa's profile picture,anissmaulidiaa,96w,"Congrats bangg,keren bagete sumpah dehh"
anissmaulidiaa's profile picture,anissmaulidiaa,112w,Habibi come to dubaiii
anissmaulidiaa's profile picture,anissmaulidiaa,118w,Ini brnang di comberan mau cosplay jdi kecebong?
anissmaulidiaa's profile picture,anissmaulidiaa,109w,Jauhkn smua laki laki ini dri kcmta coyy
anissmaulidiaa's profile picture,anissmaulidiaa,90w,"Malming ni bangg,jmput aku ya"
anissmaulidiaa's profile picture,anissmaulidiaa,108w,Minal aidzin wal faidzin bang saaih
anissmaulidiaa's profile picture,anissmaulidiaa,78w,Om saaih skrng udh punya 2 ponakan ????
anissmaulidiaa's profile picture,anissmaulidiaa,76w,Sugar daddy?
anissmaulidiaa's profile picture,anissmaulidiaa,108w,Yng kmrem ga ngucapin ultah ke aku ga di maafin AHAHA
anita_fifah's profile picture,anita_fifah,118w,Apa guna pelampung kalo Tibang nempel doang bang ????
aniyuliyaniiyulii's profile picture,aniyuliyaniiyulii,118w,"Lagi di negara mana bang saih aku yang mau pulkam ge Garut ajah dinggu nya ber bulan"" blom kspean"
anjaynuruddin's profile picture,anjaynuruddin,112w,Bang ATTA ? AND Bang Saiih ?
anjaynuruddin's profile picture,anjaynuruddin,110w,Kangen Trio ASTHOR ???? Model nya kek ala mafia hehehe??
anne_kristiati's profile picture,anne_kristiati,76w,Bang Saih sudah punya calon belum?????
annisa141000's profile picture,annisa141000,108w,Kau slalu datang di mimpiiii ku banggg
0,annisaaliana_25,76w,Aaaa Ciamis muach????
annisaaliana_25's profile picture,annisaaliana_25,110w,Always kece??????
annisaaliana_25's profile picture,annisaaliana_25,78w,Bang saaih kapan nyusul?
annisaaliana_25's profile picture,annisaaliana_25,109w,Bukan saaih nama nya klw telat post??
annisaaliana_25's profile picture,annisaaliana_25,96w,CONGRATS BRO????
0,annisaaliana_25,109w,Keep spirit brother????
annisaaliana_25's profile picture,annisaaliana_25,111w,Klw aku mau nya kamu gimana #saaihhalilintar #fatehhalilintar ????
annisaaliana_25's profile picture,annisaaliana_25,119w,Masya Allah my big boy??
annisaaliana_25's profile picture,annisaaliana_25,120w,My BIG BOY????
annisaaliana_25's profile picture,annisaaliana_25,118w,Otot nya makin gede aja nih??
annisanif's profile picture,annisanif,96w,congratssss????
annisyaaamell's profile picture,annisyaaamell,78w,MasyaAllah cantiknyaaa????
another_shell's profile picture,another_shell,96w,CONGRATS SAAIH????????
another_shell's profile picture,another_shell,111w,Waduhh mau nya kamu aja deh????
anr24_'s profile picture,anr24_,112w,Amiin... MasyaAllah
antiequi's profile picture,antiequi,78w,Lebih mirip ke kakeknya @ananghijau .......
antonius_ryan33's profile picture,antonius_ryan33,93w,Cek email @saaihalilintar
anwarcs99's profile picture,anwarcs99,96w,Mantuuullllllllllll?????????????? Congratsssssss @saaihalilintar ????????Terbaikk
anymiftahul_'s profile picture,anymiftahul_,110w,masyaallah ganteng banget jodoh orang
anymiftahul_'s profile picture,anymiftahul_,110w,MasyaAllah ganteng banget jodoh orang
aoanusbstsbaua's profile picture,aoanusbstsbaua,43w,"Yang sabar bang saaih, semangat terus ??"
aovlavv's profile picture,aovlavv,112w,kangen konten bang saaih di yt
apanceng17's profile picture,apanceng17,43w,Si paling peduli tapi ah sudahlah
aprianisafitreee__'s profile picture,aprianisafitreee__,120w,"Mau dikit bang, ganteng nya ketinggalan ?????? meledakkkk"
apriellaputri_242's profile picture,apriellaputri_242,76w,banyak nih @saaihalilintar mau tentang apa dulu nih?Percintaan?kehidupan?atau apapun itu??
aprilianengapril's profile picture,aprilianengapril,78w,Ko mirip bang
aprillvn_'s profile picture,aprillvn_,112w,MasyaAllah mas????
aqshoro's profile picture,aqshoro,44w,"Udah jangan di hujat lgi tmn2 , doain aja biar mereka sekeluarga sembuh"
aquarianzz07_'s profile picture,aquarianzz07_,108w,Aku mau yg megang hp??
aquarianzz07_'s profile picture,aquarianzz07_,108w,Omgg suamkohh kok jadi istri orang bgg
arapz24's profile picture,arapz24,90w,P Balap sini ama becak ane??
arbiwit's profile picture,arbiwit,115w,Yaelah tong..banyak gaya amat lau!!????
ardiiale's profile picture,ardiiale,44w,BLOGGGGG????????
arfhydaa__'s profile picture,arfhydaa__,76w,Jodohnya mana bang
arhwildan's profile picture,arhwildan,43w,Si paling love bird
ari0damar5's profile picture,ari0damar5,96w,Congratss??
arianiptr_'s profile picture,arianiptr_,117w,udah bilang ke ibuk beso disuru kerumah katanya ????
arief_widyan's profile picture,arief_widyan,116w,@raihanafiis @rahma_febriani95 @jannahasmarani @fahrzza
arieffathurrizqi's profile picture,arieffathurrizqi,107w,always besttt ????????
aripinmuhammad765's profile picture,aripinmuhammad765,44w,Bner komen nya hinaan semua ????
ariskayusa97's profile picture,ariskayusa97,96w,Kirain jas partai bang??
arlannr.x's profile picture,arlannr.x,42w,Lengo
armandnugroho's profile picture,armandnugroho,77w,Keren??
artayasa911's profile picture,artayasa911,46w,Ini si Haji petirrr
aryrfld25's profile picture,aryrfld25,117w,Paquitok
as_three.25's profile picture,as_three.25,111w,Masyaallah ????
asiyah6560's profile picture,asiyah6560,78w,Masyaalloh cantiknya ??
askiasyakib's profile picture,askiasyakib,94w,cakep bgt jodoh guee
askiasyakib's profile picture,askiasyakib,88w,sayangku sayangku
asmiin___'s profile picture,asmiin___,96w,good bang????
asmiin___'s profile picture,asmiin___,110w,Mashaaallah??
astinurrr_'s profile picture,astinurrr_,118w,bro
astrinrftans's profile picture,astrinrftans,78w,"Sabar ya zura, belum dijenguk onty. Ontynya lagi memantaskan diri:)"
asyhfdtn's profile picture,asyhfdtn,78w,cakep..oom nya??
at_dyahayu's profile picture,at_dyahayu,96w,Congratulations bang saaih ????
athayalatishafarantaumikesha_g's profile picture,athayalatishafarantaumikesha_g,118w,Keren
athenanihboss's profile picture,athenanihboss,86w,Kangen konten prank sama fateh????????
athenanihboss's profile picture,athenanihboss,86w,Selamattt????????????
aubcandy_99's profile picture,aubcandy_99,118w,Coba seklia rambut agk panjng lah jan botak terus ...psti gantengnya nambah ????
aulia_al_fazza's profile picture,aulia_al_fazza,107w,S
auliasetiawan96's profile picture,auliasetiawan96,77w,Mirip ya sama om ny
auliasftrimannur's profile picture,auliasftrimannur,108w,bang aurat istrinya..
auliazhr_a's profile picture,auliazhr_a,120w,abg kecee dari lahir????
awrindazz's profile picture,awrindazz,76w,"KANGEN BGT ""BBRRRRRUUPPP sasquad what's poppin'"""
awwanfauzzan's profile picture,awwanfauzzan,44w,Kenapa bulan ada satu ?karna klo ada dua itu haji Thoriq
awwuumm_'s profile picture,awwuumm_,112w,"aamiin, selamat berpuasa bang????"
awwuumm_'s profile picture,awwuumm_,114w,ciee yang bentar lagi 21 tahun????
awwuumm_'s profile picture,awwuumm_,108w,istrinya ganteng ya??
awwuumm_'s profile picture,awwuumm_,108w,iya sayang
awwuumm_'s profile picture,awwuumm_,110w,jahad ish ke tanah abang kga ngajak
awwuumm_'s profile picture,awwuumm_,118w,kok main di comberan sih
awwuumm_'s profile picture,awwuumm_,111w,maunya kamuu ajaa??????
awwuumm_'s profile picture,awwuumm_,119w,pov : Saaih juga manusia??
awwuumm_'s profile picture,awwuumm_,110w,selamat berbuka puasa abang??
axouxos's profile picture,axouxos,100w,Happy Anniversary sasquadddd??????
ayaaa.aksakfn's profile picture,ayaaa.aksakfn,96w,congrats saih
ayeyeonn's profile picture,ayeyeonn,93w,ini org umur brp si
ayo.les_bimbel's profile picture,ayo.les_bimbel,76w,Dah makan belum?
ayrabdat's profile picture,ayrabdat,107w,Romantis sekali jadi iri deh ????
ayu_elbetan's profile picture,ayu_elbetan,112w,Aamiin
ayu_elbetan's profile picture,ayu_elbetan,118w,baby???? @saaihalilintar
ayu_elbetan's profile picture,ayu_elbetan,110w,masyallah??
ayu_elbetan's profile picture,ayu_elbetan,120w,sayangg????
ayu_ismawaty's profile picture,ayu_ismawaty,76w,as always?
ayu20152023's profile picture,ayu20152023,78w,gemoy bngt Azura..
ayuachmadddd's profile picture,ayuachmadddd,112w,@saaihalilintar
ayuachmadddd's profile picture,ayuachmadddd,112w,Aamiin Yarobbalallamin ???
ayuamar_'s profile picture,ayuamar_,78w,luvvvv??????
ayuherawati07's profile picture,ayuherawati07,78w,"Buletnya sama kaya omnya .sehat"" ya om dan dd Azura"
ayulthh's profile picture,ayulthh,82w,Aaakkk lagi di tembalang semaranggg saaihhhhhh� barusan pulang undip ke semarang bawahh
ayusri19899's profile picture,ayusri19899,76w,adakah seratus bang??? agar tali silaturahmi tidk terputusss??
aziffaahh's profile picture,aziffaahh,108w,Uuuuuuuuuu keren abiss??
